Name,Type,Start,Duration,End,Rating,Cost,Seats_avail,route,ID
KSRTC (Kerala) - 136,Swift Deluxe Non AC Air Bus (2+2),20:30,06h 40m,03:10,3.4,680,31 Seats available,Bangalore_to_Kannur,1
KSRTC (Kerala) - 101,Swift Deluxe Non AC Air Bus (2+2),21:15,07h 15m,04:30,4.2,660,31 Seats available,Bangalore_to_Kannur,2
KSRTC (Kerala) - 98,Swift Deluxe Non AC Air Bus (2+2),21:55,07h 15m,05:10,3.6,690,31 Seats available,Bangalore_to_Kannur,3
KSRTC (Kerala) - 1767,Super Express Non AC Seater Air Bus (2+2),23:10,07h 15m,06:25,4.1,680,31 Seats available,Bangalore_to_Kannur,4
NS Transports,NON A/C Sleeper (2+1),22:45,06h 35m,05:20,4.1,749,31 Seats available,Bangalore_to_Kannur,5
MMK Travels,VE A/C Seater / Sleeper (2+1),22:15,07h 15m,05:30,4.1,700,31 Seats available,Bangalore_to_Kannur,6
Sugama Tourist,A/C Sleeper (2+1),22:00,07h 30m,05:30,4.1,750,31 Seats available,Bangalore_to_Kannur,7
AdAshoka Travel and Logistics,A/C Semi Sleeper (2+2),22:30,07h 15m,05:45,3.9,800,31 Seats available,Bangalore_to_Kannur,8
Kalpaka Travels,NON A/C Seater/ Sleeper (2+1),21:45,07h 35m,05:20,4,648,31 Seats available,Bangalore_to_Kannur,9
DLT BUS,A/C Sleeper (2+1),22:30,07h 30m,06:00,4.3,800,31 Seats available,Bangalore_to_Kannur,10
GOLDEN TRAVEL AGENCIES,NON A/C Sleeper (2+1),22:30,06h 15m,04:45,4.3,749,31 Seats available,Bangalore_to_Kannur,11
AdGOLDEN TRAVEL AGENCIES,Non A/C Seater / Sleeper (2+1),22:30,06h 30m,05:00,3.6,599,31 Seats available,Bangalore_to_Kannur,12
GOLDEN TRAVEL AGENCIES,Volvo A/C Semi Sleeper (2+2),22:45,06h 00m,04:45,4.3,799,31 Seats available,Bangalore_to_Kannur,13
Kalpaka Travels,A/C Sleeper (2+1),22:10,06h 50m,05:00,4.2,899,31 Seats available,Bangalore_to_Kannur,14
GOLDEN TRAVEL AGENCIES,A/C Sleeper (2+1),21:30,07h 45m,05:15,4.1,849,31 Seats available,Bangalore_to_Kannur,15
NS Transports,A/C Sleeper (2+1),22:15,07h 30m,05:45,4.4,879,31 Seats available,Bangalore_to_Kannur,16
NS Transports,Non A/C Seater / Sleeper (2+1),22:00,08h 00m,06:00,4.1,647,31 Seats available,Bangalore_to_Kannur,17
Ashoka Travel and Logistics,A/C Sleeper (2+1),21:45,07h 45m,05:30,4.3,900,31 Seats available,Bangalore_to_Kannur,18
National travels and logistics,Bharat Benz A/C Sleeper (2+1),22:30,07h 00m,05:30,3.3,749,31 Seats available,Bangalore_to_Kannur,19
P K Travels,A/C Sleeper (2+1),22:15,07h 15m,05:30,3.5,765,31 Seats available,Bangalore_to_Kannur,20
National travels and logistics,Non A/C Seater / Sleeper (2+1),22:40,07h 05m,05:45,3.5,599,31 Seats available,Bangalore_to_Kannur,21
Ashoka Travel and Logistics,NON A/C Semi Sleeper (2+2),22:00,07h 30m,05:30,3.5,600,31 Seats available,Bangalore_to_Kannur,22
Kalpaka Travels,NON A/C Seater/ Sleeper (2+1),22:00,07h 00m,05:00,3.9,665,31 Seats available,Bangalore_to_Kannur,23
Kalpaka Travels,NON A/C Seater/ Sleeper (2+1),22:00,08h 10m,06:10,3.4,648,31 Seats available,Bangalore_to_Kannur,24
GOLDEN TRAVEL AGENCIES,A/C Sleeper (2+1),22:00,06h 55m,04:55,3.9,899,31 Seats available,Bangalore_to_Kannur,25
P K Travels,NON A/C Semi Sleeper (2+2),21:45,07h 15m,05:00,3.9,629,31 Seats available,Bangalore_to_Kannur,26
Kohinoor Travels,A/C Sleeper (2+1),20:30,08h 30m,05:00,3.1,850,31 Seats available,Bangalore_to_Kannur,27
Arya Travels,A/C Sleeper (2+1),19:40,09h 35m,05:15,2.4,795,31 Seats available,Bangalore_to_Kannur,28
KSRTC (Kerala) - 97,Swift Deluxe Non AC Air Bus (2+2),16:00,08h 10m,00:10,3.5,677,25 Seats available,Bangalore_to_Kozhikode,29
KSRTC (Kerala) - 380,Swift Deluxe Non AC Air Bus (2+2),16:15,08h 05m,00:20,3.6,677,25 Seats available,Bangalore_to_Kozhikode,30
KSRTC (Kerala) - 553,Super Express Non AC Seater Air Bus (2+2),16:45,08h 55m,01:40,3.3,762,25 Seats available,Bangalore_to_Kozhikode,31
KSRTC (Kerala) - 51,Swift Deluxe Non AC Air Bus (2+2),19:00,09h 25m,04:25,3.7,762,25 Seats available,Bangalore_to_Kozhikode,32
KSRTC (Kerala) - 789,Super Fast Non AC Seater (2+3),20:00,07h 00m,03:00,3.6,474,25 Seats available,Bangalore_to_Kozhikode,33
KSRTC (Kerala) - 1585,Swift Deluxe Non AC Air Bus (2+2),20:40,09h 05m,05:45,3.6,762,25 Seats available,Bangalore_to_Kozhikode,34
KSRTC (Kerala) - 1586,Swift Deluxe Non AC Air Bus (2+2),21:30,08h 55m,06:25,3.1,762,25 Seats available,Bangalore_to_Kozhikode,35
KSRTC (Kerala) - 2133,Swift Deluxe Non AC Air Bus (2+2),22:10,09h 10m,07:20,4.3,762,25 Seats available,Bangalore_to_Kozhikode,36
KSRTC (Kerala) - 54,Garuda Premium,22:25,06h 55m,05:20,3.8,914,25 Seats available,Bangalore_to_Kozhikode,37
KSRTC (Kerala) - 574,Super Express Non AC Seater Air Bus (2+2),23:00,10h 35m,09:35,3.5,667,25 Seats available,Bangalore_to_Kozhikode,38
KSRTC (Kerala) - 583,Super Express Non AC Seater Air Bus (2+2),23:30,10h 15m,09:45,3.9,667,25 Seats available,Bangalore_to_Kozhikode,39
KSRTC (Kerala) - 56,SWIFT-GARUDA A/C SEATER BUS,23:40,10h 10m,09:50,3.9,863,25 Seats available,Bangalore_to_Kozhikode,40
MMK Travels,A/C Seater / Sleeper (2+1),22:30,09h 00m,07:30,4.4,750,25 Seats available,Bangalore_to_Kozhikode,41
SKS Tours & Travels,A/C Sleeper (2+1),21:15,08h 30m,05:45,4.2,849,25 Seats available,Bangalore_to_Kozhikode,42
Skylite Travels,A/C Sleeper (2+1),22:00,08h 30m,06:30,4.1,850,25 Seats available,Bangalore_to_Kozhikode,43
AdSuraj Holidays,NON AC Seater / Sleeper 2+1,20:30,09h 30m,06:00,3.4,600,25 Seats available,Bangalore_to_Kozhikode,44
DLT BUS,A/C Sleeper (2+1),22:30,09h 00m,07:30,4.2,800,25 Seats available,Bangalore_to_Kozhikode,45
NS Transports,Non A/C Seater / Sleeper (2+1),21:45,08h 25m,06:10,4.1,647,25 Seats available,Bangalore_to_Kozhikode,46
MMK Travels,A/C Sleeper (2+1),23:00,08h 30m,07:30,4.3,765,25 Seats available,Bangalore_to_Kozhikode,47
AdFAST LINE BUS,A/C Sleeper (2+1),21:15,09h 00m,06:15,4.1,2429,25 Seats available,Bangalore_to_Kozhikode,48
Silver Line Travels,Non A/C Seater / Sleeper (2+1),22:15,08h 30m,06:45,4.3,665,25 Seats available,Bangalore_to_Kozhikode,49
NS Transports,VE A/C Sleeper (2+1),22:45,08h 45m,07:30,4.1,855,25 Seats available,Bangalore_to_Kozhikode,50
SAAM BUS,VE A/C Sleeper (2+1),21:45,09h 00m,06:45,4.2,850,25 Seats available,Bangalore_to_Kozhikode,51
NS Transports,NON A/C Semi Sleeper / Sleeper (2+1),22:15,08h 15m,06:30,4.3,700,25 Seats available,Bangalore_to_Kozhikode,52
CITI TOURS,Bharat Benz A/C Sleeper (2+1),18:30,09h 00m,03:30,,800,25 Seats available,Bangalore_to_Kozhikode,53
Suraj Holidays,VE A/C Sleeper (2+1),22:30,09h 00m,07:30,3.5,880,25 Seats available,Bangalore_to_Kozhikode,54
SKS Tourist Corporation (REGD),Non A/C Seater / Sleeper (2+1),21:30,08h 30m,06:00,3.8,599,25 Seats available,Bangalore_to_Kozhikode,55
P K Travels,A/C Sleeper (2+1),18:45,11h 45m,06:30,3.7,810,25 Seats available,Bangalore_to_Kozhikode,56
P K Travels,A/C Seater / Sleeper (2+1),21:30,08h 30m,06:00,3.7,675,25 Seats available,Bangalore_to_Kozhikode,57
SAAM BUS,A/C Seater / Sleeper (2+1),21:45,08h 05m,05:50,3.5,700,25 Seats available,Bangalore_to_Kozhikode,58
Kallada Travels (Suresh Kallada),A/C Sleeper (2+1),22:00,09h 05m,07:05,3.5,799,25 Seats available,Bangalore_to_Kozhikode,59
Kyros Connect,Bharat Benz A/C Semi Sleeper (2+2),23:00,10h 00m,09:00,3.8,599,25 Seats available,Bangalore_to_Kozhikode,60
P K Travels,Non A/C Seater / Sleeper (2+1),18:45,10h 30m,05:15,3.5,585,25 Seats available,Bangalore_to_Kozhikode,61
SKS Tourist Corporation (REGD),A/C Sleeper (2+1),21:00,08h 30m,05:30,3.6,899,25 Seats available,Bangalore_to_Kozhikode,62
A1 Travels,A/C Seater / Sleeper (2+1),21:45,09h 15m,07:00,3.3,650,25 Seats available,Bangalore_to_Kozhikode,63
National travels and logistics,A/C Sleeper (2+1),22:45,08h 15m,07:00,3.8,699,25 Seats available,Bangalore_to_Kozhikode,64
National travels and logistics,NON A/C Sleeper (2+1),20:15,10h 00m,06:15,3.4,599,25 Seats available,Bangalore_to_Kozhikode,65
DA Transports,A/C Sleeper (2+1),21:45,09h 10m,06:55,3.7,699,25 Seats available,Bangalore_to_Kozhikode,66
A1 Travels,Non A/C Seater / Sleeper (2+1),21:00,09h 45m,06:45,2.8,550,25 Seats available,Bangalore_to_Kozhikode,67
A1 Travels,A/C Seater / Sleeper (2+1),22:30,08h 00m,06:30,2.2,650,25 Seats available,Bangalore_to_Kozhikode,68
Kalpaka Travels,NON A/C Seater/ Sleeper (2+1),22:15,07h 55m,06:10,2.1,665,25 Seats available,Bangalore_to_Kozhikode,69
KSRTC (Kerala) - 2711,Super Fast Non AC Seater (2+3),16:00,05h 30m,21:30,1.5,269,40 Seats available,Ernakulam_to_Kozhikode,70
KSRTC (Kerala) - 765,Super Fast Non AC Seater (2+3),16:30,05h 50m,22:20,2.8,269,40 Seats available,Ernakulam_to_Kozhikode,71
KSRTC (Kerala) - 2498,Low Floor AC Seater 2+2,16:45,05h 20m,22:05,3.3,383,40 Seats available,Ernakulam_to_Kozhikode,72
KSRTC (Kerala) - 2819,Super Fast Non AC Seater (2+3),16:55,05h 20m,22:15,2.8,269,40 Seats available,Ernakulam_to_Kozhikode,73
KSRTC (Kerala) - 2572,Super Fast Non AC Seater (2+3),17:10,06h 40m,23:50,2.8,261,40 Seats available,Ernakulam_to_Kozhikode,74
KSRTC (Kerala) - 723,Super Fast Non AC Seater (2+3),17:10,05h 35m,22:45,4,269,40 Seats available,Ernakulam_to_Kozhikode,75
KSRTC (Kerala) - 2569,Super Fast Non AC Seater (2+3),18:00,06h 35m,00:35,2.7,261,40 Seats available,Ernakulam_to_Kozhikode,76
KSRTC (Kerala) - 549,Super Express Non AC Seater Air Bus (2+2),18:05,06h 00m,00:05,3.3,309,40 Seats available,Ernakulam_to_Kozhikode,77
KSRTC (Kerala) - 2517,Swift Deluxe Non AC Air Bus (2+2),18:36,04h 40m,23:16,3.2,309,40 Seats available,Ernakulam_to_Kozhikode,78
KSRTC (Kerala) - 486,Super Express Non AC Seater Air Bus (2+2),20:05,04h 25m,00:30,1.4,309,40 Seats available,Ernakulam_to_Kozhikode,79
KSRTC (Kerala) - 2131,Super Express Non AC Seater Air Bus (2+2),20:29,05h 21m,01:50,2.8,288,40 Seats available,Ernakulam_to_Kozhikode,80
KSRTC (Kerala) - 3545,Super Express Non AC Seater Air Bus (2+2),21:00,04h 45m,01:45,2.8,309,40 Seats available,Ernakulam_to_Kozhikode,81
KSRTC (Kerala) - 915,Super Fast Non AC Seater (2+3),21:35,05h 35m,03:10,2.8,261,40 Seats available,Ernakulam_to_Kozhikode,82
KSRTC (Kerala) - 352,Super Fast Non AC Seater (2+3),21:46,05h 24m,03:10,3.8,269,40 Seats available,Ernakulam_to_Kozhikode,83
KSRTC (Kerala) - 2071,Super Express Non AC Seater Air Bus (2+2),22:10,04h 20m,02:30,3.7,268,40 Seats available,Ernakulam_to_Kozhikode,84
KSRTC (Kerala) - 1028,Super Fast Non AC Seater (2+3),22:10,05h 20m,03:30,2.8,269,40 Seats available,Ernakulam_to_Kozhikode,85
KSRTC (Kerala) - 368,AC MULTI AXLE,22:25,04h 25m,02:50,1.9,524,40 Seats available,Ernakulam_to_Kozhikode,86
KSRTC (Kerala) - 408,Super Express Non AC Seater Air Bus (2+2),22:30,04h 15m,02:45,2.8,299,40 Seats available,Ernakulam_to_Kozhikode,87
KSRTC (Kerala) - 1673,Super Fast Non AC Seater (2+3),22:34,05h 21m,03:55,2.8,269,40 Seats available,Ernakulam_to_Kozhikode,88
KSRTC (Kerala) - 697,Super Fast Non AC Seater (2+3),22:34,05h 01m,03:35,3.5,231,40 Seats available,Ernakulam_to_Kozhikode,89
KSRTC (Kerala) - 667,Super Fast Non AC Seater (2+3),22:35,03h 55m,02:30,3.4,230,40 Seats available,Ernakulam_to_Kozhikode,90
KSRTC (Kerala) - 47,Swift Deluxe Non AC Air Bus (2+2),22:55,04h 57m,03:52,1.8,309,40 Seats available,Ernakulam_to_Kozhikode,91
KSRTC (Kerala) - 431,Super Fast Non AC Seater (2+3),23:15,05h 30m,04:45,2.5,269,40 Seats available,Ernakulam_to_Kozhikode,92
CITI TOURS,Bharat Benz A/C Sleeper (2+1),18:30,05h 45m,00:15,,700,40 Seats available,Ernakulam_to_Kozhikode,93
Shajees Motors,A/C Semi Sleeper (2+2),19:20,05h 55m,01:15,3.4,500,40 Seats available,Ernakulam_to_Kozhikode,94
Ubc travels,A/C Seater/Sleeper (2+1),20:45,06h 15m,03:00,3.4,900,40 Seats available,Ernakulam_to_Kozhikode,95
Kalpaka Travels 1,A/C Sleeper (2+1),20:55,05h 35m,02:30,4.5,800,40 Seats available,Ernakulam_to_Kozhikode,96
Sheraton Tours and Travels,A/C Seater/Sleeper (2+1),21:00,04h 45m,01:45,4.5,480,40 Seats available,Ernakulam_to_Kozhikode,97
Adrin Travels,Bharat Benz A/C Seater /Sleeper (2+1),21:00,05h 00m,02:00,4.6,800,40 Seats available,Ernakulam_to_Kozhikode,98
Jacobs Travels,A/C Semi Sleeper (2+2),21:00,05h 30m,02:30,3.3,700,40 Seats available,Ernakulam_to_Kozhikode,99
UFO Bus,A/C Sleeper (2+1),21:15,05h 30m,02:45,4.1,799,40 Seats available,Ernakulam_to_Kozhikode,100
Cochin Bus,Volvo Multi-Axle B9R A/c Semi Sleeper (2+2),21:15,05h 05m,02:20,4.5,680,40 Seats available,Ernakulam_to_Kozhikode,101
UFO Bus,A/C Seater / Sleeper (2+1),21:20,05h 20m,02:40,4.5,480,40 Seats available,Ernakulam_to_Kozhikode,102
Sona Travels,Bharat Benz A/C Sleeper (2+1),21:30,05h 15m,02:45,3.2,850,40 Seats available,Ernakulam_to_Kozhikode,103
UFO Bus,Volvo Multi-Axle B9R A/c Semi Sleeper (2+2),21:30,05h 15m,02:45,4.5,649,40 Seats available,Ernakulam_to_Kozhikode,104
Cochin Bus,A/C Sleeper (2+1),21:30,04h 50m,02:20,4.5,900,40 Seats available,Ernakulam_to_Kozhikode,105
Madhavi Travels,A/C Semi Sleeper (2+2),21:40,05h 55m,03:35,4,599,40 Seats available,Ernakulam_to_Kozhikode,106
Madhavi Travels,A/C Sleeper (2+1),21:40,04h 15m,01:55,3.9,799,40 Seats available,Ernakulam_to_Kozhikode,107
SG Travels,Bharat Benz A/C Sleeper (2+1),21:45,04h 45m,02:30,4.4,789,40 Seats available,Ernakulam_to_Kozhikode,108
Arya Travels,A/C Sleeper (2+1),21:45,05h 30m,03:15,3.2,695,40 Seats available,Ernakulam_to_Kozhikode,109
Madhavi Travels,A/C Sleeper (2+1),21:45,05h 15m,03:00,4.3,899,40 Seats available,Ernakulam_to_Kozhikode,110
Kalpaka Travels 1,A/C Semi Sleeper (2+2),22:00,05h 00m,03:00,4.5,600,40 Seats available,Ernakulam_to_Kozhikode,111
Sonia Travels,A/C Seater/Sleeper (2+1),22:15,04h 14m,02:29,3.9,680,40 Seats available,Ernakulam_to_Kozhikode,112
A1 Travels,Bharat Benz A/C Seater /Sleeper (2+1),23:59,05h 31m,05:30,3.5,750,40 Seats available,Ernakulam_to_Kozhikode,113
CGR Tranz,A/C Semi Sleeper (2+2),20:30,05h 45m,02:15,,600,40 Seats available,Ernakulam_to_Kozhikode,114
Achayans Holidays,VE A/C Semi Sleeper (2+2),21:35,04h 40m,02:15,,500,40 Seats available,Ernakulam_to_Kozhikode,115
Greenline kerala,A/C Seater Push Back (2+2),22:01,04h 44m,02:45,1.6,500,40 Seats available,Ernakulam_to_Kozhikode,116
Kallada Travels (Suresh Kallada),A/C Sleeper (2+1),22:45,04h 15m,03:00,2.4,950,40 Seats available,Ernakulam_to_Kozhikode,117
A1 Travels,Bharat Benz A/C Sleeper (2+1),23:45,04h 15m,04:00,2.7,900,40 Seats available,Ernakulam_to_Kozhikode,118
A1 Travels,Bharat Benz A/C Seater /Sleeper (2+1),23:59,05h 01m,05:00,2.8,700,40 Seats available,Ernakulam_to_Kozhikode,119
Kallada Travels (Suresh Kallada),A/C Sleeper (2+1),23:59,04h 31m,04:30,2.4,700,40 Seats available,Ernakulam_to_Kozhikode,120
Galaxy Tours,2+1 Air Suspension A/C Seater / Sleeper,01:15,04h 45m,06:00,2.2,649,40 Seats available,Ernakulam_to_Kozhikode,121
Galaxy Tours,A/C Semi Sleeper (2+2),01:15,04h 45m,06:00,1.3,650,40 Seats available,Ernakulam_to_Kozhikode,122
Adrin Travels,A/C Seater/Sleeper (2+1),21:00,05h 00m,02:00,4.6,1000,40 Seats available,Ernakulam_to_Kozhikode,123
Cochin Bus,Bharat Benz A/C Sleeper (2+1),21:45,04h 45m,02:30,4.5,1200,40 Seats available,Ernakulam_to_Kozhikode,124
Madhavi Travels,A/C Sleeper (2+1),23:59,04h 31m,04:30,4.3,999,40 Seats available,Ernakulam_to_Kozhikode,125
HANBAL HOLIDAYS,Bharat Benz A/C Seater /Sleeper (2+1),21:00,05h 00m,02:00,,1200,40 Seats available,Ernakulam_to_Kozhikode,126
EMERALD TRAVELS,A/C Sleeper (2+1),23:30,05h 00m,04:30,2.4,1100,40 Seats available,Ernakulam_to_Kozhikode,127
KSRTC (Kerala) - 578,Super Express Non AC Seater Air Bus (2+2),18:00,09h 05m,03:05,3.1,747,8 Seats available,Kozhikode_to_Bangalore,128
KSRTC (Kerala) - 72,SWIFT-GARUDA A/C SEATER BUS,19:05,09h 20m,04:25,3.5,976,8 Seats available,Kozhikode_to_Bangalore,129
KSRTC (Kerala) - 1583,Swift Deluxe Non AC Air Bus (2+2),20:00,08h 50m,04:50,3.9,762,8 Seats available,Kozhikode_to_Bangalore,130
KSRTC (Kerala) - 3722,SWIFT-GARUDA A/C SEATER BUS,20:45,09h 20m,06:05,,976,8 Seats available,Kozhikode_to_Bangalore,131
KSRTC (Kerala) - 234,Swift Deluxe Non AC Air Bus (2+2),21:00,09h 10m,06:10,4,742,8 Seats available,Kozhikode_to_Bangalore,132
KSRTC (Kerala) - 1584,Swift Deluxe Non AC Air Bus (2+2),21:30,08h 45m,06:15,3.3,762,8 Seats available,Kozhikode_to_Bangalore,133
KSRTC (Kerala) - 50,Swift Deluxe Non AC Air Bus (2+2),22:00,08h 55m,06:55,4.1,762,8 Seats available,Kozhikode_to_Bangalore,134
DLT BUS,A/C Sleeper (2+1),21:45,08h 45m,06:30,4.4,1100,8 Seats available,Kozhikode_to_Bangalore,135
MMK Travels,A/C Seater / Sleeper (2+1),21:30,08h 30m,06:00,4.4,750,8 Seats available,Kozhikode_to_Bangalore,136
Skylite Travels,A/C Sleeper (2+1),22:00,08h 45m,06:45,4.2,850,8 Seats available,Kozhikode_to_Bangalore,137
AdSAAM BUS,VE A/C Sleeper (2+1),20:30,09h 45m,06:15,3.6,850,8 Seats available,Kozhikode_to_Bangalore,138
Kalpaka Travels,NON A/C Seater/ Sleeper (2+1),20:15,09h 15m,05:30,4.7,600,8 Seats available,Kozhikode_to_Bangalore,139
DA Transports,A/C Sleeper (2+1),21:50,08h 55m,06:45,4,799,8 Seats available,Kozhikode_to_Bangalore,140
SKS Tourist Corporation (REGD),Non A/C Seater / Sleeper (2+1),20:00,09h 00m,05:00,4.2,599,8 Seats available,Kozhikode_to_Bangalore,141
AdFAST LINE BUS,A/C Sleeper (2+1),21:15,09h 00m,06:15,4.3,2429,8 Seats available,Kozhikode_to_Bangalore,142
National travels and logistics,A/C Sleeper (2+1),21:00,09h 15m,06:15,4.2,699,8 Seats available,Kozhikode_to_Bangalore,143
Silver Line Travels,Non A/C Seater / Sleeper (2+1),20:00,09h 10m,05:10,4.3,665,8 Seats available,Kozhikode_to_Bangalore,144
P K Travels,A/C Sleeper (2+1),20:00,10h 00m,06:00,4,810,8 Seats available,Kozhikode_to_Bangalore,145
SKS Tours & Travels,A/C Sleeper (2+1),21:00,09h 00m,06:00,4.2,849,8 Seats available,Kozhikode_to_Bangalore,146
PSK Travels,Bharat Benz A/C Sleeper (2+1),14:45,08h 45m,23:30,4.3,990,8 Seats available,Kozhikode_to_Bangalore,147
NS Transports,VE A/C Sleeper (2+1),20:00,10h 30m,06:30,4.2,924,8 Seats available,Kozhikode_to_Bangalore,148
A1 Travels,A/C Seater / Sleeper (2+1),22:30,08h 00m,06:30,3.3,750,8 Seats available,Kozhikode_to_Bangalore,149
SAAM BUS,A/C Seater / Sleeper (2+1),21:15,09h 00m,06:15,3.9,750,8 Seats available,Kozhikode_to_Bangalore,150
P K Travels,A/C Seater / Sleeper (2+1),21:45,09h 00m,06:45,3.1,719,8 Seats available,Kozhikode_to_Bangalore,151
P K Travels,Non A/C Seater / Sleeper (2+1),21:00,09h 00m,06:00,3.8,630,8 Seats available,Kozhikode_to_Bangalore,152
CITI TOURS,Bharat Benz A/C Sleeper (2+1),00:15,08h 45m,09:00,3.5,800,8 Seats available,Kozhikode_to_Bangalore,153
National travels and logistics,NON A/C Sleeper (2+1),20:45,09h 30m,06:15,3.5,599,8 Seats available,Kozhikode_to_Bangalore,154
MMK Travels,A/C Sleeper (2+1),21:00,08h 30m,05:30,3.8,765,8 Seats available,Kozhikode_to_Bangalore,155
Sam Tourist,NON AC Seater / Sleeper 2+1,21:00,09h 30m,06:30,3.1,699,8 Seats available,Kozhikode_to_Bangalore,156
Kallada Travels (Suresh Kallada),A/C Sleeper (2+1),21:10,10h 05m,07:15,3.6,799,8 Seats available,Kozhikode_to_Bangalore,157
NS Transports,NON A/C Semi Sleeper / Sleeper (2+1),19:30,09h 00m,04:30,3.9,739,8 Seats available,Kozhikode_to_Bangalore,158
A1 Travels,Non A/C Seater / Sleeper (2+1),21:45,08h 45m,06:30,2.8,550,8 Seats available,Kozhikode_to_Bangalore,159
A1 Travels,A/C Seater / Sleeper (2+1),20:00,09h 30m,05:30,2.5,600,8 Seats available,Kozhikode_to_Bangalore,160
Bharathi Travels,A/C Sleeper (2+1),15:00,08h 45m,23:45,2.7,801,8 Seats available,Kozhikode_to_Bangalore,161
Kallada Travels (Suresh Kallada),A/C Sleeper (2+1),14:45,08h 25m,23:10,2,950,8 Seats available,Kozhikode_to_Bangalore,162
Suraj Holidays,NON AC Seater / Sleeper 2+1,20:15,09h 40m,05:55,2.3,700,8 Seats available,Kozhikode_to_Bangalore,163
Orange Tours and Travels,Bharat Benz A/C Sleeper (2+1),14:45,08h 45m,23:30,,1400,8 Seats available,Kozhikode_to_Bangalore,164
KSRTC (Kerala) - 2810,Super Fast Non AC Seater (2+3),15:25,05h 40m,21:05,3.1,269,23 Seats available,Kozhikode_to_Ernakulam,165
KSRTC (Kerala) - 720,Super Fast Non AC Seater (2+3),15:40,05h 35m,21:15,2.5,269,23 Seats available,Kozhikode_to_Ernakulam,166
KSRTC (Kerala) - 2898,Low Floor AC Seater 2+2,16:00,06h 15m,22:15,3.7,383,23 Seats available,Kozhikode_to_Ernakulam,167
KSRTC (Kerala) - 2874,Super Fast Non AC Seater (2+3),16:20,06h 10m,22:30,3.6,230,23 Seats available,Kozhikode_to_Ernakulam,168
KSRTC (Kerala) - 323,Super Fast Non AC Seater (2+3),17:25,05h 15m,22:40,1,269,23 Seats available,Kozhikode_to_Ernakulam,169
KSRTC (Kerala) - 2900,Low Floor AC Seater 2+2,18:00,06h 15m,00:15,2.4,383,23 Seats available,Kozhikode_to_Ernakulam,170
KSRTC (Kerala) - 556,Super Express Non AC Seater Air Bus (2+2),18:00,04h 50m,22:50,1.9,309,23 Seats available,Kozhikode_to_Ernakulam,171
KSRTC (Kerala) - 1872,Low Floor AC Seater 2+2,18:30,05h 14m,23:44,3.2,383,23 Seats available,Kozhikode_to_Ernakulam,172
KSRTC (Kerala) - 46,Swift Deluxe Non AC Air Bus (2+2),20:25,04h 36m,01:01,4,309,23 Seats available,Kozhikode_to_Ernakulam,173
KSRTC (Kerala) - 2393,Low Floor AC Seater 2+2,20:30,05h 14m,01:44,2.8,383,23 Seats available,Kozhikode_to_Ernakulam,174
KSRTC (Kerala) - 3090,Super Express Non AC Seater Air Bus (2+2),20:55,04h 00m,00:55,3.1,309,23 Seats available,Kozhikode_to_Ernakulam,175
KSRTC (Kerala) - 827,Super Fast Non AC Seater (2+3),21:00,05h 35m,02:35,3.6,269,23 Seats available,Kozhikode_to_Ernakulam,176
KSRTC (Kerala) - 531,Super Express Non AC Seater Air Bus (2+2),21:15,03h 55m,01:10,2.5,309,23 Seats available,Kozhikode_to_Ernakulam,177
KSRTC (Kerala) - 2954,Super Express Non AC Seater Air Bus (2+2),21:25,05h 10m,02:35,3.1,309,23 Seats available,Kozhikode_to_Ernakulam,178
KSRTC (Kerala) - 42,Swift Deluxe Non AC Air Bus (2+2),21:25,04h 40m,02:05,3.1,309,23 Seats available,Kozhikode_to_Ernakulam,179
KSRTC (Kerala) - 2454,Low Floor AC Seater 2+2,21:40,05h 20m,03:00,4,383,23 Seats available,Kozhikode_to_Ernakulam,180
KSRTC (Kerala) - 1212,AC MULTI AXLE,22:00,04h 26m,02:26,1.5,524,23 Seats available,Kozhikode_to_Ernakulam,181
KSRTC (Kerala) - 666,Super Fast Non AC Seater (2+3),22:25,05h 54m,04:19,4.3,269,23 Seats available,Kozhikode_to_Ernakulam,182
KSRTC (Kerala) - 1704,Super Fast Non AC Seater (2+3),22:40,05h 10m,03:50,2.9,255,23 Seats available,Kozhikode_to_Ernakulam,183
KSRTC (Kerala) - 582,Super Express Non AC Seater Air Bus (2+2),22:40,05h 00m,03:40,4.4,288,23 Seats available,Kozhikode_to_Ernakulam,184
KSRTC (Kerala) - 1011,Super Fast Non AC Seater (2+3),23:00,05h 30m,04:30,3.7,261,23 Seats available,Kozhikode_to_Ernakulam,185
KSRTC (Kerala) - 279,Super Fast Non AC Seater (2+3),23:05,05h 35m,04:40,3.5,269,23 Seats available,Kozhikode_to_Ernakulam,186
KSRTC (Kerala) - 426,Super Express Non AC Seater Air Bus (2+2),23:15,03h 50m,03:05,3.1,268,23 Seats available,Kozhikode_to_Ernakulam,187
KSRTC (Kerala) - 370,AC MULTI AXLE,23:20,04h 20m,03:40,3.6,524,23 Seats available,Kozhikode_to_Ernakulam,188
KSRTC (Kerala) - 407,Super Express Non AC Seater Air Bus (2+2),23:25,04h 30m,03:55,4.1,299,23 Seats available,Kozhikode_to_Ernakulam,189
A1 Travels,A/C Seater / Sleeper (2+1),20:05,03h 54m,23:59,3.2,600,23 Seats available,Kozhikode_to_Ernakulam,190
A1 Travels,NON A/C Semi Sleeper (2+2),21:00,04h 30m,01:30,3.5,450,23 Seats available,Kozhikode_to_Ernakulam,191
Galaxy Tours,A/C Semi Sleeper (2+2),21:45,04h 16m,02:01,3.2,700,23 Seats available,Kozhikode_to_Ernakulam,192
A1 Travels,Bharat Benz A/C Seater /Sleeper (2+1),22:15,03h 30m,01:45,3.2,650,23 Seats available,Kozhikode_to_Ernakulam,193
A1 Travels,Bharat Benz A/C Seater /Sleeper (2+1),22:30,02h 59m,01:29,3.2,750,23 Seats available,Kozhikode_to_Ernakulam,194
LIYAS TOURS,Bharat Benz A/C Sleeper (2+1),23:15,04h 00m,03:15,3.8,949,23 Seats available,Kozhikode_to_Ernakulam,195
Sonia Travels,A/C Seater/Sleeper (2+1),23:30,04h 59m,04:29,4.4,680,23 Seats available,Kozhikode_to_Ernakulam,196
A1 Travels,Bharat Benz A/C Sleeper (2+1),23:30,03h 45m,03:15,3.3,900,23 Seats available,Kozhikode_to_Ernakulam,197
Madhavi Travels,A/C Semi Sleeper (2+2),23:30,03h 05m,02:35,3.8,799,23 Seats available,Kozhikode_to_Ernakulam,198
Madhavi Travels,Volvo Multi-Axle I-Shift B11R Semi Sleeper (2+2),23:30,03h 40m,03:10,3.8,799,23 Seats available,Kozhikode_to_Ernakulam,199
Madhavi Travels,Volvo Multi-Axle I-Shift B11R Semi Sleeper (2+2),23:30,03h 05m,02:35,4,799,23 Seats available,Kozhikode_to_Ernakulam,200
Madhavi Travels,A/C Sleeper (2+1),23:40,05h 20m,05:00,3.8,899,23 Seats available,Kozhikode_to_Ernakulam,201
UFO Bus,Volvo Multi-Axle B9R A/c Semi Sleeper (2+2),23:55,05h 35m,05:30,4.3,649,23 Seats available,Kozhikode_to_Ernakulam,202
UFO Bus,A/C Sleeper (2+1),23:55,05h 35m,05:30,4.3,800,23 Seats available,Kozhikode_to_Ernakulam,203
Cochin Bus,Bharat Benz A/C Sleeper (2+1),23:58,05h 37m,05:35,4.5,799,23 Seats available,Kozhikode_to_Ernakulam,204
Cochin Bus,A/C Sleeper (2+1),23:59,06h 01m,06:00,4.5,900,23 Seats available,Kozhikode_to_Ernakulam,205
Arya Travels,A/C Sleeper (2+1),23:59,05h 31m,05:30,4.7,695,23 Seats available,Kozhikode_to_Ernakulam,206
Kalpaka Travels 1,A/C Sleeper (2+1),23:59,06h 01m,06:00,4.3,800,23 Seats available,Kozhikode_to_Ernakulam,207
Cochin Bus,Volvo Multi-Axle B9R A/c Semi Sleeper (2+2),23:59,06h 01m,06:00,4.5,680,23 Seats available,Kozhikode_to_Ernakulam,208
SG Travels,Bharat Benz A/C Sleeper (2+1),23:59,05h 56m,05:55,4.1,799,23 Seats available,Kozhikode_to_Ernakulam,209
KSRTC (Kerala) - 708,Super Fast Non AC Seater (2+3),16:00,06h 40m,22:40,4.7,293,8 Seats available,Kozhikode_to_Mysore,210
KSRTC (Kerala) - 898,Super Fast Non AC Seater (2+3),16:30,05h 45m,22:15,4.1,288,8 Seats available,Kozhikode_to_Mysore,211
KSRTC (Kerala) - 578,Super Express Non AC Seater Air Bus (2+2),18:00,06h 45m,00:45,3.7,459,8 Seats available,Kozhikode_to_Mysore,212
KSRTC (Kerala) - 72,SWIFT-GARUDA A/C SEATER BUS,19:05,07h 00m,02:05,4,596,8 Seats available,Kozhikode_to_Mysore,213
KSRTC (Kerala) - 1583,Swift Deluxe Non AC Air Bus (2+2),20:00,06h 30m,02:30,4,474,8 Seats available,Kozhikode_to_Mysore,214
KSRTC (Kerala) - 234,Swift Deluxe Non AC Air Bus (2+2),21:00,06h 50m,03:50,4,453,8 Seats available,Kozhikode_to_Mysore,215
KSRTC (Kerala) - 1584,Swift Deluxe Non AC Air Bus (2+2),21:30,06h 25m,03:55,4.1,474,8 Seats available,Kozhikode_to_Mysore,216
KSRTC (Kerala) - 50,Swift Deluxe Non AC Air Bus (2+2),22:00,06h 35m,04:35,4.4,474,8 Seats available,Kozhikode_to_Mysore,217
KSRTC (Kerala) - 719,Super Fast Non AC Seater (2+3),23:00,06h 40m,05:40,3.3,348,8 Seats available,Kozhikode_to_Mysore,218
KSRTC (Kerala) - 96,Swift Deluxe Non AC Air Bus (2+2),23:50,04h 55m,04:45,2.4,390,8 Seats available,Kozhikode_to_Mysore,219
Bharathi Travels,A/C Sleeper (2+1),15:00,06h 00m,21:00,3.1,801,8 Seats available,Kozhikode_to_Mysore,220
NS Transports,NON A/C Semi Sleeper / Sleeper (2+1),19:30,07h 00m,02:30,4.2,739,8 Seats available,Kozhikode_to_Mysore,221
A1 Travels,A/C Seater / Sleeper (2+1),20:00,08h 00m,04:00,4.4,600,8 Seats available,Kozhikode_to_Mysore,222
SKS Tourist Corporation (REGD),Non A/C Seater / Sleeper (2+1),20:00,07h 00m,03:00,3.5,599,8 Seats available,Kozhikode_to_Mysore,223
National travels and logistics,NON A/C Sleeper (2+1),20:45,07h 15m,04:00,3.8,599,8 Seats available,Kozhikode_to_Mysore,224
Suraj Holidays,NON AC Seater / Sleeper 2+1,21:00,06h 00m,03:00,3.7,750,8 Seats available,Kozhikode_to_Mysore,225
SAAM BUS,A/C Seater / Sleeper (2+1),21:15,06h 45m,04:00,3.9,750,8 Seats available,Kozhikode_to_Mysore,226
National travels and logistics,A/C Sleeper (2+1),21:00,06h 15m,03:15,3.8,699,8 Seats available,Kozhikode_to_Mysore,227
SAAM BUS,VE A/C Sleeper (2+1),20:30,07h 30m,04:00,3.9,850,8 Seats available,Kozhikode_to_Mysore,228
A1 Travels,Non A/C Seater / Sleeper (2+1),21:45,06h 15m,04:00,3.8,550,8 Seats available,Kozhikode_to_Mysore,229
DA Transports,A/C Sleeper (2+1),21:50,06h 40m,04:30,3.4,799,8 Seats available,Kozhikode_to_Mysore,230
A1 Travels,A/C Seater / Sleeper (2+1),22:30,05h 45m,04:15,4.4,750,8 Seats available,Kozhikode_to_Mysore,231
CITI TOURS,Bharat Benz A/C Sleeper (2+1),00:15,06h 00m,06:15,,800,8 Seats available,Kozhikode_to_Mysore,232
Orange Tours and Travels,Bharat Benz A/C Sleeper (2+1),14:45,05h 45m,20:30,,600,8 Seats available,Kozhikode_to_Mysore,233
Kallada Travels (Suresh Kallada),A/C Sleeper (2+1),14:45,04h 45m,19:30,1.9,700,8 Seats available,Kozhikode_to_Mysore,234
Sam Tourist,NON AC Seater / Sleeper 2+1,21:00,07h 00m,04:00,2.7,699,8 Seats available,Kozhikode_to_Mysore,235
PSK Travels,Bharat Benz A/C Sleeper (2+1),14:45,06h 45m,21:30,3.4,890,8 Seats available,Kozhikode_to_Mysore,236
NS Transports,VE A/C Sleeper (2+1),20:00,07h 30m,03:30,4.2,924,8 Seats available,Kozhikode_to_Mysore,237
MMK Travels,A/C Sleeper (2+1),21:00,06h 00m,03:00,4.3,850,8 Seats available,Kozhikode_to_Mysore,238
CITI TOURS,Bharat Benz A/C Sleeper (2+1),21:00,07h 30m,04:30,,1999,8 Seats available,Kozhikode_to_Mysore,239
SKS Tours & Travels,A/C Sleeper (2+1),21:00,07h 00m,04:00,4.2,849,8 Seats available,Kozhikode_to_Mysore,240
FAST LINE BUS,A/C Sleeper (2+1),21:15,06h 45m,04:00,4.1,2429,8 Seats available,Kozhikode_to_Mysore,241
Skylite Travels,A/C Sleeper (2+1),22:00,06h 00m,04:00,4,850,8 Seats available,Kozhikode_to_Mysore,242
KSRTC (Kerala) - 323,Super Fast Non AC Seater (2+3),17:25,10h 30m,03:55,1.6,515,42 Seats available,Kozhikode_to_Thiruvananthapuram,243
KSRTC (Kerala) - 2390,Low Floor AC Seater 2+2,17:30,10h 15m,03:45,2.9,723,42 Seats available,Kozhikode_to_Thiruvananthapuram,244
KSRTC (Kerala) - 556,Super Express Non AC Seater Air Bus (2+2),18:00,08h 55m,02:55,2.4,586,42 Seats available,Kozhikode_to_Thiruvananthapuram,245
KSRTC (Kerala) - 1872,Low Floor AC Seater 2+2,18:30,09h 55m,04:25,4.1,742,42 Seats available,Kozhikode_to_Thiruvananthapuram,246
KSRTC (Kerala) - 48,Swift Deluxe Non AC Air Bus (2+2),19:00,08h 40m,03:40,4.1,565,42 Seats available,Kozhikode_to_Thiruvananthapuram,247
KSRTC (Kerala) - 2984,Super Fast Non AC Seater (2+3),19:20,10h 50m,06:10,3.3,502,42 Seats available,Kozhikode_to_Thiruvananthapuram,248
KSRTC (Kerala) - 1919,Swift Deluxe Non AC Air Bus (2+2),20:10,09h 50m,06:00,2.9,565,42 Seats available,Kozhikode_to_Thiruvananthapuram,249
KSRTC (Kerala) - 46,Swift Deluxe Non AC Air Bus (2+2),20:25,08h 40m,05:05,2.6,586,42 Seats available,Kozhikode_to_Thiruvananthapuram,250
KSRTC (Kerala) - 2393,Low Floor AC Seater 2+2,20:30,10h 05m,06:35,2.9,742,42 Seats available,Kozhikode_to_Thiruvananthapuram,251
KSRTC (Kerala) - 3090,Super Express Non AC Seater Air Bus (2+2),20:55,08h 00m,04:55,3.3,586,42 Seats available,Kozhikode_to_Thiruvananthapuram,252
KSRTC (Kerala) - 827,Super Fast Non AC Seater (2+3),21:00,11h 35m,08:35,3.5,515,42 Seats available,Kozhikode_to_Thiruvananthapuram,253
KSRTC (Kerala) - 531,Super Express Non AC Seater Air Bus (2+2),21:15,07h 50m,05:05,3.2,586,42 Seats available,Kozhikode_to_Thiruvananthapuram,254
KSRTC (Kerala) - 2954,Super Express Non AC Seater Air Bus (2+2),21:25,09h 45m,07:10,2.9,586,42 Seats available,Kozhikode_to_Thiruvananthapuram,255
KSRTC (Kerala) - 42,Swift Deluxe Non AC Air Bus (2+2),21:25,08h 45m,06:10,2.8,586,42 Seats available,Kozhikode_to_Thiruvananthapuram,256
KSRTC (Kerala) - 44,Swift Deluxe Non AC Air Bus (2+2),21:50,08h 55m,06:45,4,565,42 Seats available,Kozhikode_to_Thiruvananthapuram,257
KSRTC (Kerala) - 1100,AC MULTI AXLE,22:05,08h 10m,06:15,1.4,904,42 Seats available,Kozhikode_to_Thiruvananthapuram,258
KSRTC (Kerala) - 279,Super Fast Non AC Seater (2+3),23:05,10h 45m,09:50,2.9,515,42 Seats available,Kozhikode_to_Thiruvananthapuram,259
KSRTC (Kerala) - 426,Super Express Non AC Seater Air Bus (2+2),23:15,08h 35m,07:50,2.9,545,42 Seats available,Kozhikode_to_Thiruvananthapuram,260
KSRTC (Kerala) - 370,AC MULTI AXLE,23:20,09h 35m,08:55,1.7,986,42 Seats available,Kozhikode_to_Thiruvananthapuram,261
KSRTC (Kerala) - 3532,Super Express Non AC Seater Air Bus (2+2),23:59,07h 21m,07:20,2.9,565,42 Seats available,Kozhikode_to_Thiruvananthapuram,262
Kalpaka Travels 1,A/C Sleeper (2+1),23:00,07h 51m,06:51,4,1000,42 Seats available,Kozhikode_to_Thiruvananthapuram,263
EMERALD TRAVELS,Bharat Benz A/C Semi Sleeper (2+2),22:10,08h 20m,06:30,3.2,700,42 Seats available,Kozhikode_to_Thiruvananthapuram,264
BLM Transports,A/C Sleeper (2+1),22:00,09h 00m,07:00,3.5,855,42 Seats available,Kozhikode_to_Thiruvananthapuram,265
A1 Travels,NON A/C Semi Sleeper (2+2),21:00,09h 00m,06:00,3.3,600,42 Seats available,Kozhikode_to_Thiruvananthapuram,266
A1 Travels,Bharat Benz A/C Sleeper (2+1),23:30,08h 30m,08:00,3.1,900,42 Seats available,Kozhikode_to_Thiruvananthapuram,267
A1 Travels,A/C Seater / Sleeper (2+1),20:05,09h 25m,05:30,3.7,700,42 Seats available,Kozhikode_to_Thiruvananthapuram,268
LIYAS TOURS,Bharat Benz A/C Sleeper (2+1),23:15,08h 55m,08:10,3.9,949,42 Seats available,Kozhikode_to_Thiruvananthapuram,269
Madhavi Travels,A/C Sleeper (2+1),22:20,08h 40m,07:00,3.1,999,42 Seats available,Kozhikode_to_Thiruvananthapuram,270
Galaxy Tours,A/C Semi Sleeper (2+2),21:45,08h 45m,06:30,3,700,42 Seats available,Kozhikode_to_Thiruvananthapuram,271
Madhavi Travels,Volvo Multi-Axle I-Shift B11R Semi Sleeper (2+2),23:30,08h 00m,07:30,3,899,42 Seats available,Kozhikode_to_Thiruvananthapuram,272
Madhavi Travels,A/C Semi Sleeper (2+2),23:30,08h 00m,07:30,3,799,42 Seats available,Kozhikode_to_Thiruvananthapuram,273
A1 Travels,Bharat Benz A/C Seater /Sleeper (2+1),22:30,07h 30m,06:00,2.7,750,42 Seats available,Kozhikode_to_Thiruvananthapuram,274
Galaxy Tours,2+1 Air Suspension A/C Seater / Sleeper,21:45,08h 45m,06:30,2.8,650,42 Seats available,Kozhikode_to_Thiruvananthapuram,275
A1 Travels,Bharat Benz A/C Seater /Sleeper (2+1),22:15,07h 30m,05:45,2.7,750,42 Seats available,Kozhikode_to_Thiruvananthapuram,276
Madhavi Travels,Volvo Multi-Axle I-Shift B11R Semi Sleeper (2+2),23:30,08h 00m,07:30,2.9,899,42 Seats available,Kozhikode_to_Thiruvananthapuram,277
KSRTC (Kerala) - 689,Super Fast Non AC Seater (2+3),16:15,03h 35m,19:50,3.2,181,41 Seats available,Kozhikode_to_Thrissur,278
KSRTC (Kerala) - 726,Super Fast Non AC Seater (2+3),17:00,03h 20m,20:20,3.9,181,41 Seats available,Kozhikode_to_Thrissur,279
KSRTC (Kerala) - 2716,Super Fast Non AC Seater (2+3),17:15,03h 30m,20:45,3.2,181,41 Seats available,Kozhikode_to_Thrissur,280
KSRTC (Kerala) - 323,Super Fast Non AC Seater (2+3),17:25,03h 20m,20:45,3.2,181,41 Seats available,Kozhikode_to_Thrissur,281
KSRTC (Kerala) - 2390,Low Floor AC Seater 2+2,17:30,03h 30m,21:00,3.2,253,41 Seats available,Kozhikode_to_Thrissur,282
KSRTC (Kerala) - 556,Super Express Non AC Seater Air Bus (2+2),18:00,02h 50m,20:50,1.7,216,41 Seats available,Kozhikode_to_Thrissur,283
KSRTC (Kerala) - 2900,Low Floor AC Seater 2+2,18:00,03h 20m,21:20,2.3,253,41 Seats available,Kozhikode_to_Thrissur,284
KSRTC (Kerala) - 1872,Low Floor AC Seater 2+2,18:30,03h 05m,21:35,3.3,253,41 Seats available,Kozhikode_to_Thrissur,285
KSRTC (Kerala) - 48,Swift Deluxe Non AC Air Bus (2+2),19:00,02h 35m,21:35,3.2,216,41 Seats available,Kozhikode_to_Thrissur,286
KSRTC (Kerala) - 814,Super Fast Non AC Seater (2+3),19:15,03h 30m,22:45,3.2,181,41 Seats available,Kozhikode_to_Thrissur,287
KSRTC (Kerala) - 2984,Super Fast Non AC Seater (2+3),19:20,03h 40m,23:00,3.2,181,41 Seats available,Kozhikode_to_Thrissur,288
KSRTC (Kerala) - 1956,Super Fast Non AC Seater (2+3),20:00,03h 30m,23:30,3.2,181,41 Seats available,Kozhikode_to_Thrissur,289
KSRTC (Kerala) - 1919,Swift Deluxe Non AC Air Bus (2+2),20:10,03h 00m,23:10,3.2,216,41 Seats available,Kozhikode_to_Thrissur,290
KSRTC (Kerala) - 46,Swift Deluxe Non AC Air Bus (2+2),20:25,02h 35m,23:00,2.5,216,41 Seats available,Kozhikode_to_Thrissur,291
KSRTC (Kerala) - 2393,Low Floor AC Seater 2+2,20:30,03h 05m,23:35,3.7,253,41 Seats available,Kozhikode_to_Thrissur,292
KSRTC (Kerala) - 3398,Super Fast Non AC Seater (2+3),20:30,03h 30m,00:00,3.2,174,41 Seats available,Kozhikode_to_Thrissur,293
KSRTC (Kerala) - 424,Super Fast Non AC Seater (2+3),20:30,03h 45m,00:15,3.2,181,41 Seats available,Kozhikode_to_Thrissur,294
KSRTC (Kerala) - 567,Super Express Non AC Seater Air Bus (2+2),20:45,03h 45m,00:30,3.2,201,41 Seats available,Kozhikode_to_Thrissur,295
KSRTC (Kerala) - 3090,Super Express Non AC Seater Air Bus (2+2),20:55,02h 35m,23:30,3.2,216,41 Seats available,Kozhikode_to_Thrissur,296
KSRTC (Kerala) - 3294,Super Fast Non AC Seater (2+3),21:00,04h 00m,01:00,3.2,181,41 Seats available,Kozhikode_to_Thrissur,297
KSRTC (Kerala) - 827,Super Fast Non AC Seater (2+3),21:00,03h 30m,00:30,3.2,181,41 Seats available,Kozhikode_to_Thrissur,298
KSRTC (Kerala) - 815,Super Fast Non AC Seater (2+3),21:10,03h 45m,00:55,3.2,181,41 Seats available,Kozhikode_to_Thrissur,299
KSRTC (Kerala) - 531,Super Express Non AC Seater Air Bus (2+2),21:15,02h 25m,23:40,3.2,216,41 Seats available,Kozhikode_to_Thrissur,300
KSRTC (Kerala) - 1378,AC MULTI AXLE,21:25,03h 20m,00:45,3.2,360,41 Seats available,Kozhikode_to_Thrissur,301
KSRTC (Kerala) - 42,Swift Deluxe Non AC Air Bus (2+2),21:25,02h 40m,00:05,3.2,216,41 Seats available,Kozhikode_to_Thrissur,302
KSRTC (Kerala) - 2954,Super Express Non AC Seater Air Bus (2+2),21:25,03h 30m,00:55,3.2,216,41 Seats available,Kozhikode_to_Thrissur,303
KSRTC (Kerala) - 2454,Low Floor AC Seater 2+2,21:40,03h 05m,00:45,3.2,253,41 Seats available,Kozhikode_to_Thrissur,304
KSRTC (Kerala) - 344,Super Fast Non AC Seater (2+3),21:45,03h 20m,01:05,3.2,181,41 Seats available,Kozhikode_to_Thrissur,305
KSRTC (Kerala) - 44,Swift Deluxe Non AC Air Bus (2+2),21:50,02h 50m,00:40,3.2,216,41 Seats available,Kozhikode_to_Thrissur,306
KSRTC (Kerala) - 1212,AC MULTI AXLE,22:00,02h 30m,00:30,3.2,360,41 Seats available,Kozhikode_to_Thrissur,307
KSRTC (Kerala) - 1100,AC MULTI AXLE,22:05,02h 45m,00:50,3.2,340,41 Seats available,Kozhikode_to_Thrissur,308
KSRTC (Kerala) - 560,Super Express Non AC Seater Air Bus (2+2),22:10,03h 05m,01:15,3.2,216,41 Seats available,Kozhikode_to_Thrissur,309
KSRTC (Kerala) - 409,Super Express Non AC Seater Air Bus (2+2),22:15,02h 30m,00:45,3.2,216,41 Seats available,Kozhikode_to_Thrissur,310
KSRTC (Kerala) - 129,SWIFT-GARUDA A/C SEATER BUS,22:25,02h 45m,01:10,3.2,237,41 Seats available,Kozhikode_to_Thrissur,311
KSRTC (Kerala) - 666,Super Fast Non AC Seater (2+3),22:25,03h 30m,01:55,3.2,181,41 Seats available,Kozhikode_to_Thrissur,312
KSRTC (Kerala) - 2724,Super Fast Non AC Seater (2+3),22:30,03h 30m,02:00,3.2,174,41 Seats available,Kozhikode_to_Thrissur,313
KSRTC (Kerala) - 582,Super Express Non AC Seater Air Bus (2+2),22:40,03h 05m,01:45,3.2,201,41 Seats available,Kozhikode_to_Thrissur,314
KSRTC (Kerala) - 781,Super Fast Non AC Seater (2+3),22:45,03h 25m,02:10,3.2,181,41 Seats available,Kozhikode_to_Thrissur,315
KSRTC (Kerala) - 586,Super Express Non AC Seater Air Bus (2+2),22:50,03h 15m,02:05,3.2,201,41 Seats available,Kozhikode_to_Thrissur,316
KSRTC (Kerala) - 128,Super Deluxe Non AC Seater Air Bus (2+2),22:55,02h 40m,01:35,3.2,216,41 Seats available,Kozhikode_to_Thrissur,317
KSRTC (Kerala) - 798,Super Fast Non AC Seater (2+3),23:00,03h 10m,02:10,3.2,181,41 Seats available,Kozhikode_to_Thrissur,318
KSRTC (Kerala) - 1011,Super Fast Non AC Seater (2+3),23:00,03h 25m,02:25,3.2,174,41 Seats available,Kozhikode_to_Thrissur,319
KSRTC (Kerala) - 279,Super Fast Non AC Seater (2+3),23:05,03h 45m,02:50,3.2,181,41 Seats available,Kozhikode_to_Thrissur,320
KSRTC (Kerala) - 314,Super Fast Non AC Seater (2+3),23:15,03h 30m,02:45,3.2,181,41 Seats available,Kozhikode_to_Thrissur,321
KSRTC (Kerala) - 2784,Super Express Non AC Seater Air Bus (2+2),23:20,03h 00m,02:20,3.2,201,41 Seats available,Kozhikode_to_Thrissur,322
KSRTC (Kerala) - 370,AC MULTI AXLE,23:20,02h 50m,02:10,3.2,360,41 Seats available,Kozhikode_to_Thrissur,323
KSRTC (Kerala) - 673,Super Fast Non AC Seater (2+3),23:25,03h 15m,02:40,3.2,181,41 Seats available,Kozhikode_to_Thrissur,324
KSRTC (Kerala) - 3578,Super Express Non AC Seater Air Bus (2+2),23:35,03h 20m,02:55,3.2,216,41 Seats available,Kozhikode_to_Thrissur,325
KSRTC (Kerala) - 516,Super Express Non AC Seater Air Bus (2+2),23:45,02h 20m,02:05,3.2,216,41 Seats available,Kozhikode_to_Thrissur,326
KSRTC (Kerala) - 1963,Super Fast Non AC Seater (2+3),23:45,03h 20m,03:05,3.2,181,41 Seats available,Kozhikode_to_Thrissur,327
KSRTC (Kerala) - 345,Super Fast Non AC Seater (2+3),23:55,03h 40m,03:35,3.2,181,41 Seats available,Kozhikode_to_Thrissur,328
KSRTC (Kerala) - 3532,Super Express Non AC Seater Air Bus (2+2),23:59,02h 16m,02:15,3.2,216,41 Seats available,Kozhikode_to_Thrissur,329
BLM Transports,A/C Sleeper (2+1),22:00,03h 00m,01:00,3.8,918,41 Seats available,Kozhikode_to_Thrissur,330
Madhavi Travels,A/C Sleeper (2+1),22:20,02h 50m,01:10,4,999,41 Seats available,Kozhikode_to_Thrissur,331
Kalpaka Travels 1,A/C Sleeper (2+1),23:00,01h 30m,00:30,4,1000,41 Seats available,Kozhikode_to_Thrissur,332
A1 Travels,Bharat Benz A/C Sleeper (2+1),23:30,02h 00m,01:30,3.2,900,41 Seats available,Kozhikode_to_Thrissur,333
Madhavi Travels,A/C Semi Sleeper (2+2),23:30,01h 40m,01:10,4,799,41 Seats available,Kozhikode_to_Thrissur,334
Madhavi Travels,Volvo Multi-Axle I-Shift B11R Semi Sleeper (2+2),23:30,01h 40m,01:10,4,799,41 Seats available,Kozhikode_to_Thrissur,335
Madhavi Travels,Volvo Multi-Axle I-Shift B11R Semi Sleeper (2+2),23:30,02h 25m,01:55,4,799,41 Seats available,Kozhikode_to_Thrissur,336
Madhavi Travels,A/C Sleeper (2+1),23:40,03h 10m,02:50,4,899,41 Seats available,Kozhikode_to_Thrissur,337
UFO Bus,A/C Sleeper (2+1),23:55,03h 35m,03:30,4.1,800,41 Seats available,Kozhikode_to_Thrissur,338
UFO Bus,Volvo Multi-Axle B9R A/c Semi Sleeper (2+2),23:55,03h 35m,03:30,4.1,649,41 Seats available,Kozhikode_to_Thrissur,339
KSRTC (Kerala) - 712,Super Fast Non AC Seater (2+3),16:45,05h 45m,22:30,3.6,293,20 Seats available,Mysore_to_Kozhikode,340
KSRTC (Kerala) - 798,Super Fast Non AC Seater (2+3),17:00,06h 00m,23:00,4.3,293,20 Seats available,Mysore_to_Kozhikode,341
KSRTC (Kerala) - 370,AC MULTI AXLE,17:45,05h 35m,23:20,3.5,596,20 Seats available,Mysore_to_Kozhikode,342
KSRTC (Kerala) - 1252,AC MULTI AXLE,18:05,05h 35m,23:40,,596,20 Seats available,Mysore_to_Kozhikode,343
KSRTC (Kerala) - 97,Swift Deluxe Non AC Air Bus (2+2),18:20,05h 50m,00:10,5,390,20 Seats available,Mysore_to_Kozhikode,344
KSRTC (Kerala) - 793,Super Fast Non AC Seater (2+3),18:30,05h 30m,00:00,4.1,293,20 Seats available,Mysore_to_Kozhikode,345
KSRTC (Kerala) - 380,Swift Deluxe Non AC Air Bus (2+2),18:35,05h 45m,00:20,4,390,20 Seats available,Mysore_to_Kozhikode,346
KSRTC (Kerala) - 553,Super Express Non AC Seater Air Bus (2+2),19:05,06h 35m,01:40,4,474,20 Seats available,Mysore_to_Kozhikode,347
KSRTC (Kerala) - 51,Swift Deluxe Non AC Air Bus (2+2),21:50,06h 35m,04:25,3.9,474,20 Seats available,Mysore_to_Kozhikode,348
KSRTC (Kerala) - 789,Super Fast Non AC Seater (2+3),22:20,04h 40m,03:00,4,474,20 Seats available,Mysore_to_Kozhikode,349
KSRTC (Kerala) - 1077,Super Fast Non AC Seater (2+3),22:30,07h 20m,05:50,3.2,348,20 Seats available,Mysore_to_Kozhikode,350
KSRTC (Kerala) - 1585,Swift Deluxe Non AC Air Bus (2+2),23:00,06h 45m,05:45,3.7,474,20 Seats available,Mysore_to_Kozhikode,351
KSRTC (Kerala) - 1586,Swift Deluxe Non AC Air Bus (2+2),23:50,06h 35m,06:25,2.2,474,20 Seats available,Mysore_to_Kozhikode,352
LIYAS TOURS,Bharat Benz A/C Sleeper (2+1),17:25,05h 50m,23:15,4.4,599,20 Seats available,Mysore_to_Kozhikode,353
A1 Travels,Bharat Benz A/C Sleeper (2+1),17:30,06h 00m,23:30,3.2,700,20 Seats available,Mysore_to_Kozhikode,354
Cochin Bus,Bharat Benz A/C Sleeper (2+1),18:00,05h 58m,23:58,4.5,599,20 Seats available,Mysore_to_Kozhikode,355
CITI TOURS,Bharat Benz A/C Sleeper (2+1),21:30,06h 00m,03:30,,800,20 Seats available,Mysore_to_Kozhikode,356
Suraj Holidays,NON AC Seater / Sleeper 2+1,23:55,06h 05m,06:00,4.5,600,20 Seats available,Mysore_to_Kozhikode,357
SKS Tourist Corporation (REGD),Non A/C Seater / Sleeper (2+1),23:55,06h 05m,06:00,3.5,599,20 Seats available,Mysore_to_Kozhikode,358
NS Transports,NON A/C Semi Sleeper / Sleeper (2+1),23:57,06h 33m,06:30,4.2,648,20 Seats available,Mysore_to_Kozhikode,359
SKS Tours & Travels,A/C Sleeper (2+1),23:59,05h 41m,05:40,4.2,849,20 Seats available,Mysore_to_Kozhikode,360
SKS Tourist Corporation (REGD),A/C Sleeper (2+1),23:55,05h 35m,05:30,3.5,899,20 Seats available,Mysore_to_Kozhikode,361
NS Transports,Non A/C Seater / Sleeper (2+1),23:59,06h 11m,06:10,4.2,647,20 Seats available,Mysore_to_Kozhikode,362
National travels and logistics,NON A/C Sleeper (2+1),00:40,05h 35m,06:15,3.5,649,20 Seats available,Mysore_to_Kozhikode,363
Kallada Travels (Suresh Kallada),A/C Sleeper (2+1),16:30,06h 15m,22:45,2.6,600,20 Seats available,Mysore_to_Kozhikode,364
A1 Travels,Non A/C Seater / Sleeper (2+1),23:40,07h 05m,06:45,1.4,550,20 Seats available,Mysore_to_Kozhikode,365
A1 Travels,A/C Seater / Sleeper (2+1),23:45,06h 45m,06:30,1.4,650,20 Seats available,Mysore_to_Kozhikode,366
NS Transports,VE A/C Sleeper (2+1),23:59,07h 31m,07:30,4.2,879,20 Seats available,Mysore_to_Kozhikode,367
FAST LINE BUS,A/C Sleeper (2+1),23:59,06h 16m,06:15,4.1,2699,20 Seats available,Mysore_to_Kozhikode,368
KSRTC (Kerala) - 667,Super Fast Non AC Seater (2+3),16:15,10h 15m,02:30,2.2,477,32 Seats available,Thiruvananthapuram_to_Kozhikode,369
KSRTC (Kerala) - 368,AC MULTI AXLE,16:25,10h 25m,02:50,3.2,986,32 Seats available,Thiruvananthapuram_to_Kozhikode,370
KSRTC (Kerala) - 862,Super Fast Non AC Seater (2+3),16:30,12h 20m,04:50,3.2,502,32 Seats available,Thiruvananthapuram_to_Kozhikode,371
KSRTC (Kerala) - 3205,SWIFT-HYBRID NON AC SEATER CUM SLEEPER,16:30,09h 50m,02:20,3.2,565,32 Seats available,Thiruvananthapuram_to_Kozhikode,372
KSRTC (Kerala) - 2985,Super Fast Non AC Seater (2+3),16:45,10h 50m,03:35,3.2,502,32 Seats available,Thiruvananthapuram_to_Kozhikode,373
KSRTC (Kerala) - 431,Super Fast Non AC Seater (2+3),17:15,11h 30m,04:45,3.2,515,32 Seats available,Thiruvananthapuram_to_Kozhikode,374
KSRTC (Kerala) - 1673,Super Fast Non AC Seater (2+3),17:50,10h 05m,03:55,3.2,515,32 Seats available,Thiruvananthapuram_to_Kozhikode,375
KSRTC (Kerala) - 377,AC MULTI AXLE,18:10,08h 39m,02:49,4.8,904,32 Seats available,Thiruvananthapuram_to_Kozhikode,376
KSRTC (Kerala) - 47,Swift Deluxe Non AC Air Bus (2+2),18:30,09h 22m,03:52,3.2,586,32 Seats available,Thiruvananthapuram_to_Kozhikode,377
KSRTC (Kerala) - 2956,Super Express Non AC Seater Air Bus (2+2),18:45,10h 40m,05:25,3.2,586,32 Seats available,Thiruvananthapuram_to_Kozhikode,378
KSRTC (Kerala) - 2364,Low Floor AC Seater 2+2,19:00,10h 10m,05:10,3.4,723,32 Seats available,Thiruvananthapuram_to_Kozhikode,379
KSRTC (Kerala) - 49,Swift Deluxe Non AC Air Bus (2+2),19:10,09h 10m,04:20,3.2,565,32 Seats available,Thiruvananthapuram_to_Kozhikode,380
KSRTC (Kerala) - 425,Super Express Non AC Seater Air Bus (2+2),19:15,08h 55m,04:10,2.4,545,32 Seats available,Thiruvananthapuram_to_Kozhikode,381
KSRTC (Kerala) - 1858,Low Floor AC Seater 2+2,20:00,10h 25m,06:25,3.4,742,32 Seats available,Thiruvananthapuram_to_Kozhikode,382
KSRTC (Kerala) - 3531,Super Express Non AC Seater Air Bus (2+2),20:00,07h 35m,03:35,3.2,565,32 Seats available,Thiruvananthapuram_to_Kozhikode,383
KSRTC (Kerala) - 3721,Super Express Non AC Seater Air Bus (2+2),20:01,09h 45m,05:46,3.2,565,32 Seats available,Thiruvananthapuram_to_Kozhikode,384
KSRTC (Kerala) - 528,Super Express Non AC Seater Air Bus (2+2),20:45,07h 55m,04:40,3.5,586,32 Seats available,Thiruvananthapuram_to_Kozhikode,385
KSRTC (Kerala) - 2123,Swift Deluxe Non AC Air Bus (2+2),21:05,10h 25m,07:30,3.2,586,32 Seats available,Thiruvananthapuram_to_Kozhikode,386
KSRTC (Kerala) - 45,Swift Deluxe Non AC Air Bus (2+2),21:10,09h 05m,06:15,4,565,32 Seats available,Thiruvananthapuram_to_Kozhikode,387
KSRTC (Kerala) - 3005,Swift Deluxe Non AC Air Bus (2+2),22:00,09h 10m,07:10,3.2,586,32 Seats available,Thiruvananthapuram_to_Kozhikode,388
KSRTC (Kerala) - 1860,Low Floor AC Seater 2+2,23:00,10h 00m,09:00,3.2,723,32 Seats available,Thiruvananthapuram_to_Kozhikode,389
KSRTC (Kerala) - 500,Super Express Non AC Seater Air Bus (2+2),23:45,07h 40m,07:25,3.3,586,32 Seats available,Thiruvananthapuram_to_Kozhikode,390
Madhavi Travels,A/C Sleeper (2+1),19:50,08h 40m,04:30,3.9,999,32 Seats available,Thiruvananthapuram_to_Kozhikode,391
BLM Transports,A/C Sleeper (2+1),20:15,08h 45m,05:00,3.6,855,32 Seats available,Thiruvananthapuram_to_Kozhikode,392
A1 Travels,Bharat Benz A/C Seater /Sleeper (2+1),20:30,08h 30m,05:00,3.4,700,32 Seats available,Thiruvananthapuram_to_Kozhikode,393
A1 Travels,NON A/C Semi Sleeper (2+2),21:00,09h 30m,06:30,3.8,600,32 Seats available,Thiruvananthapuram_to_Kozhikode,394
A1 Travels,Bharat Benz A/C Sleeper (2+1),19:00,09h 00m,04:00,3.5,900,32 Seats available,Thiruvananthapuram_to_Kozhikode,395
Kallada Travels (Suresh Kallada),A/C Sleeper (2+1),18:01,09h 59m,04:00,3.2,800,32 Seats available,Thiruvananthapuram_to_Kozhikode,396
Galaxy Tours,2+1 Air Suspension A/C Seater / Sleeper,21:00,09h 00m,06:00,2.2,649,32 Seats available,Thiruvananthapuram_to_Kozhikode,397
A1 Travels,A/C Seater / Sleeper (2+1),21:35,09h 25m,07:00,3.2,650,32 Seats available,Thiruvananthapuram_to_Kozhikode,398
A1 Travels,Bharat Benz A/C Seater /Sleeper (2+1),20:15,09h 15m,05:30,3.7,750,32 Seats available,Thiruvananthapuram_to_Kozhikode,399
Kallada Travels (Suresh Kallada),A/C Sleeper (2+1),16:00,11h 00m,03:00,3.2,1200,32 Seats available,Thiruvananthapuram_to_Kozhikode,400
Galaxy Tours,A/C Semi Sleeper (2+2),21:00,09h 00m,06:00,2.9,650,32 Seats available,Thiruvananthapuram_to_Kozhikode,401
Kalpaka Travels 1,A/C Sleeper (2+1),20:00,08h 00m,04:00,4,1000,32 Seats available,Thiruvananthapuram_to_Kozhikode,402
EMERALD TRAVELS,A/C Sleeper (2+1),19:30,09h 00m,04:30,3.3,1100,32 Seats available,Thiruvananthapuram_to_Kozhikode,403
